report_id,occurrence_month,neighborhood,impact_type,hs_m,tp_s,wave_direction_deg,wind_speed_kmh,wind_direction_deg,tide_m,cyclone_alert,wave_energy_kw
R001,2026-05,Ponta Negra,Danos a Estruturas Físicas,3.36,12.35,198,10.6,208,0.33,False,80.55
R002,2026-03,Cordeirinho,Ondas Violentas na Areia (Sem Danos Severos),2.94,13.75,169,3.9,112,-0.06,False,69.85
R003,2026-03,Itaipuaçu,Água no Calçadão/Pista,3.04,13.65,169,4.5,119,-0.1,False,74.1
R004,2026-04,Itaipuaçu,Ondas Violentas na Areia (Sem Danos Severos),2.82,11.35,201,2.3,288,0.07,False,50.82
R005,2026-05,Itaipuaçu,Ondas Violentas na Areia (Sem Danos Severos),3.28,11.45,195,9.5,338,0.26,False,69.57
R006,2026-05,Ponta Negra,Danos a Estruturas Físicas,2.92,13.1,185,1.9,124,-0.36,False,65.29
R007,2026-05,Itaipuaçu,Água no Calçadão/Pista,3.34,12.15,202,13.2,233,-0.13,False,77.97
R008,2026-05,Itaipuaçu,Danos a Estruturas Físicas,3.36,12.35,198,10.6,208,0.33,False,80.55
R009,2026-05,Cordeirinho,Ondas Violentas na Areia (Sem Danos Severos),3.46,12.25,197,14.2,81,-0.46,False,84.55
R010,2026-04,Itaipuaçu,Ondas Violentas na Areia (Sem Danos Severos),2.92,12.0,185,1.3,326,0.0,False,58.65
R011,2026-05,Itaipuaçu,Ondas Violentas na Areia (Sem Danos Severos),3.08,12.3,192,9.6,186,0.23,False,67.34
R012,2026-05,Itaipuaçu,Água no Calçadão/Pista,3.06,13.45,191,12.5,72,0.17,False,73.87
R013,2026-05,Itaipuaçu,Água no Calçadão/Pista,3.14,13.5,190,10.2,58,0.17,False,78.11
R014,2026-05,Itaipuaçu,Ondas Violentas na Areia (Sem Danos Severos),2.88,10.65,207,20.8,233,0.07,False,48.53
R015,2026-05,Itaipuaçu,Água no Calçadão/Pista,3.46,12.9,195,5.5,337,0.0,False,90.05
R016,2026-08,Itaipuaçu,Água no Calçadão/Pista,2.9,13.8,178,11.7,136,0.09,False,68.23
R017,2026-08,Itaipuaçu,Água no Calçadão/Pista,2.88,13.6,177,18.8,103,0.34,False,66.24
R018,2026-05,Ponta Negra,Danos a Estruturas Físicas,3.14,11.35,205,20.6,242,0.18,False,63.0
R019,2026-07,Itaipuaçu,Ondas Violentas na Areia (Sem Danos Severos),2.68,9.05,196,23.6,239,0.48,False,33.49
R020,2026-08,Itaipuaçu,Água no Calçadão/Pista,3.04,13.0,173,18.6,102,0.34,False,70.14
R021,2026-08,Itaipuaçu,Ondas Violentas na Areia (Sem Danos Severos),3.3,12.3,186,16.6,77,-0.27,False,77.3
R022,2026-08,Guaratiba,Ondas Violentas na Areia (Sem Danos Severos),2.32,11.45,193,20.4,232,0.42,False,34.8
R023,2026-08,Guaratiba,Erosão Severa,3.14,11.2,188,12.3,121,0.45,False,61.87
R024,2026-05,Itaipuaçu,Danos a Estruturas Físicas,3.34,12.15,202,13.2,233,-0.13,False,77.97
R025,2026-08,Ponta Negra,Água no Calçadão/Pista,3.1,12.55,193,14.6,141,0.37,False,69.94
